<?xml version="1.0" encoding="UTF-8"?>
<metadata xml:lang="en"><Esri><CreaDate>20200221</CreaDate><CreaTime>17164100</CreaTime><ArcGISFormat>1.0</ArcGISFormat><SyncOnce>TRUE</SyncOnce><DataProperties><lineage><Process ToolSource="c:\program files (x86)\arcgis\desktop10.7\ArcToolbox\Toolboxes\Spatial Analyst Tools.tbx\ExtractValuesToPoints" Date="20200221" Time="171641">ExtractValuesToPoints firePoints_lyr Y:\data\KaterinaKarag\2018\h19v04MOD13A1\MOD13A1.A2018193.h19v04.006.2018210001813_prj.tif C:\Users\noa\eclipse-workspace\ZonalStatistics\output\fc_20180720.shp NONE VALUE_ONLY</Process></lineage></DataProperties></Esri></metadata>
