<?xml version="1.0" encoding="UTF-8"?>
<metadata xml:lang="en"><Esri><CreaDate>20200224</CreaDate><CreaTime>12053900</CreaTime><ArcGISFormat>1.0</ArcGISFormat><SyncOnce>TRUE</SyncOnce><DataProperties><lineage><Process ToolSource="c:\program files (x86)\arcgis\desktop10.7\ArcToolbox\Toolboxes\Data Management Tools.tbx\CreateFeatureclass" Date="20200224" Time="120539">CreateFeatureclass C:\Users\noa\eclipse-workspace\ZonalStatistics\output fc_ndvi.shp POINT C:\Users\noa\eclipse-workspace\ZonalStatistics\output\fc_schema.shp DISABLED DISABLED "GEOGCS['GCS_WGS_1984',DATUM['D_WGS_1984',SPHEROID['WGS_1984',6378137.0,298.257223563]],PRIMEM['Greenwich',0.0],UNIT['Degree',0.0174532925199433]];-400 -400 11258999068426.2;-100000 10000;-100000 10000;8.98315284119522E-09;0.001;0.001;IsHighPrecision" # 0 0 0</Process><Process ToolSource="c:\program files (x86)\arcgis\desktop10.7\ArcToolbox\Toolboxes\Data Management Tools.tbx\Append" Date="20200224" Time="120544">Append C:\Users\noa\eclipse-workspace\ZonalStatistics\output\fc_20180720h19v04.shp C:\Users\noa\eclipse-workspace\ZonalStatistics\output\fc_ndvi.shp TEST # #</Process><Process ToolSource="c:\program files (x86)\arcgis\desktop10.7\ArcToolbox\Toolboxes\Data Management Tools.tbx\Append" Date="20200224" Time="120550">Append C:\Users\noa\eclipse-workspace\ZonalStatistics\output\fc_20180720h19v05.shp C:\Users\noa\eclipse-workspace\ZonalStatistics\output\fc_ndvi.shp TEST # #</Process><Process ToolSource="c:\program files (x86)\arcgis\desktop10.7\ArcToolbox\Toolboxes\Data Management Tools.tbx\Append" Date="20200224" Time="120559">Append C:\Users\noa\eclipse-workspace\ZonalStatistics\output\fc_20180720h20v05.shp C:\Users\noa\eclipse-workspace\ZonalStatistics\output\fc_ndvi.shp TEST # #</Process><Process ToolSource="c:\program files (x86)\arcgis\desktop10.7\ArcToolbox\Toolboxes\Data Management Tools.tbx\Append" Date="20200224" Time="120606">Append C:\Users\noa\eclipse-workspace\ZonalStatistics\output\fc_20181010h19v04.shp C:\Users\noa\eclipse-workspace\ZonalStatistics\output\fc_ndvi.shp TEST # #</Process><Process ToolSource="c:\program files (x86)\arcgis\desktop10.7\ArcToolbox\Toolboxes\Data Management Tools.tbx\Append" Date="20200224" Time="120612">Append C:\Users\noa\eclipse-workspace\ZonalStatistics\output\fc_20181010h19v05.shp C:\Users\noa\eclipse-workspace\ZonalStatistics\output\fc_ndvi.shp TEST # #</Process><Process ToolSource="c:\program files (x86)\arcgis\desktop10.7\ArcToolbox\Toolboxes\Data Management Tools.tbx\Append" Date="20200224" Time="120617">Append C:\Users\noa\eclipse-workspace\ZonalStatistics\output\fc_20181010h20v05.shp C:\Users\noa\eclipse-workspace\ZonalStatistics\output\fc_ndvi.shp TEST # #</Process><Process ToolSource="c:\program files (x86)\arcgis\desktop10.7\ArcToolbox\Toolboxes\Data Management Tools.tbx\Append" Date="20200224" Time="120624">Append C:\Users\noa\eclipse-workspace\ZonalStatistics\output\fc_20180704h19v04.shp C:\Users\noa\eclipse-workspace\ZonalStatistics\output\fc_ndvi.shp TEST # #</Process><Process ToolSource="c:\program files (x86)\arcgis\desktop10.7\ArcToolbox\Toolboxes\Data Management Tools.tbx\Append" Date="20200224" Time="120630">Append C:\Users\noa\eclipse-workspace\ZonalStatistics\output\fc_20180704h19v05.shp C:\Users\noa\eclipse-workspace\ZonalStatistics\output\fc_ndvi.shp TEST # #</Process><Process ToolSource="c:\program files (x86)\arcgis\desktop10.7\ArcToolbox\Toolboxes\Data Management Tools.tbx\Append" Date="20200224" Time="120638">Append C:\Users\noa\eclipse-workspace\ZonalStatistics\output\fc_20180704h20v05.shp C:\Users\noa\eclipse-workspace\ZonalStatistics\output\fc_ndvi.shp TEST # #</Process><Process ToolSource="c:\program files (x86)\arcgis\desktop10.7\ArcToolbox\Toolboxes\Data Management Tools.tbx\Append" Date="20200224" Time="120645">Append C:\Users\noa\eclipse-workspace\ZonalStatistics\output\fc_20180723h19v04.shp C:\Users\noa\eclipse-workspace\ZonalStatistics\output\fc_ndvi.shp TEST # #</Process><Process ToolSource="c:\program files (x86)\arcgis\desktop10.7\ArcToolbox\Toolboxes\Data Management Tools.tbx\Append" Date="20200224" Time="120652">Append C:\Users\noa\eclipse-workspace\ZonalStatistics\output\fc_20180723h19v05.shp C:\Users\noa\eclipse-workspace\ZonalStatistics\output\fc_ndvi.shp TEST # #</Process><Process ToolSource="c:\program files (x86)\arcgis\desktop10.7\ArcToolbox\Toolboxes\Data Management Tools.tbx\Append" Date="20200224" Time="120657">Append C:\Users\noa\eclipse-workspace\ZonalStatistics\output\fc_20180723h20v05.shp C:\Users\noa\eclipse-workspace\ZonalStatistics\output\fc_ndvi.shp TEST # #</Process><Process ToolSource="c:\program files (x86)\arcgis\desktop10.7\ArcToolbox\Toolboxes\Data Management Tools.tbx\Append" Date="20200224" Time="120704">Append C:\Users\noa\eclipse-workspace\ZonalStatistics\output\fc_20180716h19v04.shp C:\Users\noa\eclipse-workspace\ZonalStatistics\output\fc_ndvi.shp TEST # #</Process><Process ToolSource="c:\program files (x86)\arcgis\desktop10.7\ArcToolbox\Toolboxes\Data Management Tools.tbx\Append" Date="20200224" Time="120710">Append C:\Users\noa\eclipse-workspace\ZonalStatistics\output\fc_20180716h19v05.shp C:\Users\noa\eclipse-workspace\ZonalStatistics\output\fc_ndvi.shp TEST # #</Process><Process ToolSource="c:\program files (x86)\arcgis\desktop10.7\ArcToolbox\Toolboxes\Data Management Tools.tbx\Append" Date="20200224" Time="120718">Append C:\Users\noa\eclipse-workspace\ZonalStatistics\output\fc_20180716h20v05.shp C:\Users\noa\eclipse-workspace\ZonalStatistics\output\fc_ndvi.shp TEST # #</Process><Process ToolSource="c:\program files (x86)\arcgis\desktop10.7\ArcToolbox\Toolboxes\Data Management Tools.tbx\Append" Date="20200224" Time="120723">Append C:\Users\noa\eclipse-workspace\ZonalStatistics\output\fc_20180731h19v04.shp C:\Users\noa\eclipse-workspace\ZonalStatistics\output\fc_ndvi.shp TEST # #</Process><Process ToolSource="c:\program files (x86)\arcgis\desktop10.7\ArcToolbox\Toolboxes\Data Management Tools.tbx\Append" Date="20200224" Time="120730">Append C:\Users\noa\eclipse-workspace\ZonalStatistics\output\fc_20180731h19v05.shp C:\Users\noa\eclipse-workspace\ZonalStatistics\output\fc_ndvi.shp TEST # #</Process><Process ToolSource="c:\program files (x86)\arcgis\desktop10.7\ArcToolbox\Toolboxes\Data Management Tools.tbx\Append" Date="20200224" Time="120738">Append C:\Users\noa\eclipse-workspace\ZonalStatistics\output\fc_20180731h20v05.shp C:\Users\noa\eclipse-workspace\ZonalStatistics\output\fc_ndvi.shp TEST # #</Process><Process ToolSource="c:\program files (x86)\arcgis\desktop10.7\ArcToolbox\Toolboxes\Data Management Tools.tbx\Append" Date="20200224" Time="120745">Append C:\Users\noa\eclipse-workspace\ZonalStatistics\output\fc_20180527h19v04.shp C:\Users\noa\eclipse-workspace\ZonalStatistics\output\fc_ndvi.shp TEST # #</Process><Process ToolSource="c:\program files (x86)\arcgis\desktop10.7\ArcToolbox\Toolboxes\Data Management Tools.tbx\Append" Date="20200224" Time="120755">Append C:\Users\noa\eclipse-workspace\ZonalStatistics\output\fc_20180527h19v05.shp C:\Users\noa\eclipse-workspace\ZonalStatistics\output\fc_ndvi.shp TEST # #</Process><Process ToolSource="c:\program files (x86)\arcgis\desktop10.7\ArcToolbox\Toolboxes\Data Management Tools.tbx\Append" Date="20200224" Time="120804">Append C:\Users\noa\eclipse-workspace\ZonalStatistics\output\fc_20180527h20v05.shp C:\Users\noa\eclipse-workspace\ZonalStatistics\output\fc_ndvi.shp TEST # #</Process><Process ToolSource="c:\program files (x86)\arcgis\desktop10.7\ArcToolbox\Toolboxes\Data Management Tools.tbx\Append" Date="20200224" Time="120811">Append C:\Users\noa\eclipse-workspace\ZonalStatistics\output\fc_20180614h19v04.shp C:\Users\noa\eclipse-workspace\ZonalStatistics\output\fc_ndvi.shp TEST # #</Process><Process ToolSource="c:\program files (x86)\arcgis\desktop10.7\ArcToolbox\Toolboxes\Data Management Tools.tbx\Append" Date="20200224" Time="120818">Append C:\Users\noa\eclipse-workspace\ZonalStatistics\output\fc_20180614h19v05.shp C:\Users\noa\eclipse-workspace\ZonalStatistics\output\fc_ndvi.shp TEST # #</Process><Process ToolSource="c:\program files (x86)\arcgis\desktop10.7\ArcToolbox\Toolboxes\Data Management Tools.tbx\Append" Date="20200224" Time="120826">Append C:\Users\noa\eclipse-workspace\ZonalStatistics\output\fc_20180614h20v05.shp C:\Users\noa\eclipse-workspace\ZonalStatistics\output\fc_ndvi.shp TEST # #</Process><Process ToolSource="c:\program files (x86)\arcgis\desktop10.7\ArcToolbox\Toolboxes\Data Management Tools.tbx\Append" Date="20200224" Time="120833">Append C:\Users\noa\eclipse-workspace\ZonalStatistics\output\fc_20181011h19v04.shp C:\Users\noa\eclipse-workspace\ZonalStatistics\output\fc_ndvi.shp TEST # #</Process><Process ToolSource="c:\program files (x86)\arcgis\desktop10.7\ArcToolbox\Toolboxes\Data Management Tools.tbx\Append" Date="20200224" Time="120839">Append C:\Users\noa\eclipse-workspace\ZonalStatistics\output\fc_20181011h19v05.shp C:\Users\noa\eclipse-workspace\ZonalStatistics\output\fc_ndvi.shp TEST # #</Process><Process ToolSource="c:\program files (x86)\arcgis\desktop10.7\ArcToolbox\Toolboxes\Data Management Tools.tbx\Append" Date="20200224" Time="120844">Append C:\Users\noa\eclipse-workspace\ZonalStatistics\output\fc_20181011h20v05.shp C:\Users\noa\eclipse-workspace\ZonalStatistics\output\fc_ndvi.shp TEST # #</Process><Process ToolSource="c:\program files (x86)\arcgis\desktop10.7\ArcToolbox\Toolboxes\Data Management Tools.tbx\Append" Date="20200224" Time="120851">Append C:\Users\noa\eclipse-workspace\ZonalStatistics\output\fc_20180801h19v04.shp C:\Users\noa\eclipse-workspace\ZonalStatistics\output\fc_ndvi.shp TEST # #</Process><Process ToolSource="c:\program files (x86)\arcgis\desktop10.7\ArcToolbox\Toolboxes\Data Management Tools.tbx\Append" Date="20200224" Time="120857">Append C:\Users\noa\eclipse-workspace\ZonalStatistics\output\fc_20180801h19v05.shp C:\Users\noa\eclipse-workspace\ZonalStatistics\output\fc_ndvi.shp TEST # #</Process><Process ToolSource="c:\program files (x86)\arcgis\desktop10.7\ArcToolbox\Toolboxes\Data Management Tools.tbx\Append" Date="20200224" Time="120906">Append C:\Users\noa\eclipse-workspace\ZonalStatistics\output\fc_20180801h20v05.shp C:\Users\noa\eclipse-workspace\ZonalStatistics\output\fc_ndvi.shp TEST # #</Process><Process ToolSource="c:\program files (x86)\arcgis\desktop10.7\ArcToolbox\Toolboxes\Data Management Tools.tbx\Append" Date="20200224" Time="120912">Append C:\Users\noa\eclipse-workspace\ZonalStatistics\output\fc_20180712h19v04.shp C:\Users\noa\eclipse-workspace\ZonalStatistics\output\fc_ndvi.shp TEST # #</Process><Process ToolSource="c:\program files (x86)\arcgis\desktop10.7\ArcToolbox\Toolboxes\Data Management Tools.tbx\Append" Date="20200224" Time="120919">Append C:\Users\noa\eclipse-workspace\ZonalStatistics\output\fc_20180712h19v05.shp C:\Users\noa\eclipse-workspace\ZonalStatistics\output\fc_ndvi.shp TEST # #</Process><Process ToolSource="c:\program files (x86)\arcgis\desktop10.7\ArcToolbox\Toolboxes\Data Management Tools.tbx\Append" Date="20200224" Time="120924">Append C:\Users\noa\eclipse-workspace\ZonalStatistics\output\fc_20180712h20v05.shp C:\Users\noa\eclipse-workspace\ZonalStatistics\output\fc_ndvi.shp TEST # #</Process><Process ToolSource="c:\program files (x86)\arcgis\desktop10.7\ArcToolbox\Toolboxes\Data Management Tools.tbx\Append" Date="20200224" Time="120931">Append C:\Users\noa\eclipse-workspace\ZonalStatistics\output\fc_20180921h19v04.shp C:\Users\noa\eclipse-workspace\ZonalStatistics\output\fc_ndvi.shp TEST # #</Process><Process ToolSource="c:\program files (x86)\arcgis\desktop10.7\ArcToolbox\Toolboxes\Data Management Tools.tbx\Append" Date="20200224" Time="120937">Append C:\Users\noa\eclipse-workspace\ZonalStatistics\output\fc_20180921h19v05.shp C:\Users\noa\eclipse-workspace\ZonalStatistics\output\fc_ndvi.shp TEST # #</Process><Process ToolSource="c:\program files (x86)\arcgis\desktop10.7\ArcToolbox\Toolboxes\Data Management Tools.tbx\Append" Date="20200224" Time="120945">Append C:\Users\noa\eclipse-workspace\ZonalStatistics\output\fc_20180921h20v05.shp C:\Users\noa\eclipse-workspace\ZonalStatistics\output\fc_ndvi.shp TEST # #</Process><Process ToolSource="c:\program files (x86)\arcgis\desktop10.7\ArcToolbox\Toolboxes\Data Management Tools.tbx\Append" Date="20200224" Time="120950">Append C:\Users\noa\eclipse-workspace\ZonalStatistics\output\fc_20181018h19v04.shp C:\Users\noa\eclipse-workspace\ZonalStatistics\output\fc_ndvi.shp TEST # #</Process><Process ToolSource="c:\program files (x86)\arcgis\desktop10.7\ArcToolbox\Toolboxes\Data Management Tools.tbx\Append" Date="20200224" Time="121016">Append C:\Users\noa\eclipse-workspace\ZonalStatistics\output\fc_20181018h19v05.shp C:\Users\noa\eclipse-workspace\ZonalStatistics\output\fc_ndvi.shp TEST # #</Process><Process ToolSource="c:\program files (x86)\arcgis\desktop10.7\ArcToolbox\Toolboxes\Data Management Tools.tbx\Append" Date="20200224" Time="121111">Append C:\Users\noa\eclipse-workspace\ZonalStatistics\output\fc_20181018h20v05.shp C:\Users\noa\eclipse-workspace\ZonalStatistics\output\fc_ndvi.shp TEST # #</Process><Process ToolSource="c:\program files (x86)\arcgis\desktop10.7\ArcToolbox\Toolboxes\Data Management Tools.tbx\Append" Date="20200224" Time="121214">Append C:\Users\noa\eclipse-workspace\ZonalStatistics\output\fc_20181009h19v04.shp C:\Users\noa\eclipse-workspace\ZonalStatistics\output\fc_ndvi.shp TEST # #</Process></lineage></DataProperties></Esri></metadata>
